the	O
Korean	O
version	O
of	O
the	O
Boston	TEST
Naming	TEST
Test	TEST
(	O
K-BNT	TEST
)	O
,	O
the	O
Rey-Osterrieth	TEST
Complex	TEST
Figure	TEST
Test	TEST
(	O
RCFT	TEST
)	O
(	O
copying	O
,	O
immediate	O
and	O
20-min	O
delayed	O
recall	O
and	O
recognition	O
)	O
,	O
the	O
Seoul	TEST
Verbal	TEST
Learning	TEST
Test	TEST
(	O
SVLT	TEST
)	O
(	O
three	O
learning-immediate	O
recall	O
trials	O
of	O
a	O
12	O
item	O
list	O
,	O
a	O
20-min	O
delayed	O
recall	O
trial	O
for	O
the	O
12	O
items	O
and	O
recognition	O
testing	O
)	O
,	O
contrasting	O
program	O
test/go-no-go	O
test	O
,	O
a	O
test	O
of	O
semantic	O
fluency	O
(	O
animals	O
and	O
supermarket	O
items	O
)	O
and	O
letter-phonemic	O
fluency	O
(	O
the	O
Controlled	TEST
Oral	TEST
Word	TEST
Association	TEST
Test	TEST
,	O
or	O
COWAT	TEST
)	O
.	O
All	O
patients	O
and	O
controls	O
underwent	O
the	O
Seoul	TEST
Neuropsychological	TEST
Screening	TEST
Battery	TEST
(	O
SNSB	TEST
)	O
.	O
The	O
Timed	TEST
Up	TEST
&	TEST
Go	TEST
(	O
TUG	TEST
)	O
.	O
The	O
Berg	TEST
Balance	TEST
Scale	TEST
(	O
BBS	TEST
)	O
was	O
used	O
to	O
test	O
balance	O
performance	O
and	O
includes	O
14	O
items	O
common	O
in	O
everyday	O
life	O
.	O
Chair	TEST
Stand	TEST
Test	TEST
score	O
was	O
greater	O
after	O
surgery	O
(	O
p	O
<	O
0.05	O
)	O
.	O
At	O
the	O
same	O
time	O
,	O
the	O
participants	O
performed	O
the	O
TUG	TEST
and	O
CST	TEST
tests	TEST
faster	O
compared	O
to	O
before	O
surgery	O
.	O
Left	O
hippocampal	O
GMV	O
correlated	O
with	O
memory	O
tasks	O
(	O
WMS	TEST
IR	TEST
,	O
WMS	TEST
DR	TEST
,	O
WL	TEST
IR	TEST
,	O
WL	TEST
DR	TEST
)	O
.	O
GMV	O
in	O
the	O
temporal	O
lobe	O
was	O
related	O
to	O
language	O
tasks	O
(	O
BNT	TEST
,	O
VF	TEST
)	O
,	O
frontal	O
,	O
parietal	O
,	O
and	O
occipital	O
GMVs	O
were	O
significantly	O
correlated	O
to	O
tests	O
comprising	O
multiple	O
domains	O
such	O
as	O
executive	O
functions	O
,	O
cognitive	O
speed	O
,	O
and	O
visuoconstruction	O
(	O
TMT-A	TEST
,	O
TMT-B	TEST
,	O
and	O
CDT	TEST
)	O
.	O
orthostatic	O
hypotension	O
and	O
REM	TEST
sleep	O
behavior	O
disorder	O
(	O
RBD	O
)	O
identified	O
the	O
diffuse	O
/	O
malignant	O
subtype	O
.	O
Moreover	O
,	O
PD	O
RBD	TEST
patients	O
showed	O
more	O
severe	O
nigro-striatal	O
dopaminergic	O
impairment	O
compared	O
with	O
PD	O
RBD-patients	TEST
,	O
mainly	O
at	O
caudate	O
level	O
.	O
Brain	O
metabolism	O
progressively	O
decreased	O
(	O
height	O
threshold	O
p	O
<	O
0.01	O
at	O
voxel	O
level	O
with	O
the	O
family-wise	O
error	O
correction	O
(	O
FWE	O
)	O
for	O
multiple	O
comparisons	O
)	O
from	O
controls	O
to	O
PD	O
RBD	TEST
and	O
to	O
PD	O
RBD	TEST
patients	O
in	O
bilateral	O
posterior	O
cortical	O
regions	O
and	O
in	O
MAH	O
frontal	O
regions	O
(	O
FWE-corrected	O
p	O
<	O
0.001	O
at	O
cluster	O
level	O
,	O
Fig.2A	O
,	O
Supplemental	O
Table	O
S1	O
)	O
.	O
We	O
hypothesized	O
that	O
PD	O
patients	O
with	O
probable	O
RDB	TEST
,	O
as	O
identified	O
with	O
a	O
simple	O
questionnaire	O
,	O
exhibit	O
a	O
more	O
severe	O
clinical	O
,	O
neuropsychological	O
and	O
functional	O
neuroimaging	O
phenotype	O
in	O
comparison	O
with	O
PD	O
patients	O
without	O
RBD	TEST
.	O
In	O
this	O
cross-sectional	O
study	O
,	O
we	O
prospectively	O
investigated	O
drug	O
nagetive	O
patients	O
with	O
denovo	O
PD	O
at	O
their	O
first	O
evaluation	O
in	O
a	O
movement	O
disorder	O
unit	O
.	O
At	O
the	O
baseline	O
visit	O
,	O
we	O
performed	O
a	O
first-line	O
clinical	O
,	O
motor	TEST
and	TEST
cognitive	TEST
assessment	TEST
,	O
including	O
the	O
investigation	O
of	O
presence	O
/	O
absence	O
of	O
probable	O
RBD	TEST
.	O
urinary	O
and	O
sexual	O
dysfunction	O
with	O
the	O
clinical	O
interview	O
,	O
the	O
Smell	TEST
Diskettes	TEST
Olfaction	TEST
test	TEST
the	O
Mayo	TEST
sleep	TEST
questionnaire	TEST
(	O
MSQ	TEST
)	O
and	O
a	O
structured	O
clinical	O
interview	O
by	O
a	O
sleep	O
medicine	O
expert	O
to	O
investigate	O
the	O
presence	O
/	O
absence	O
of	O
probable	O
RBD	TEST
(	O
including	O
the	O
question	O
＆	O
Have	O
you	O
ever	O
been	O
told	O
,	O
or	O
suspected	O
yourself	O
.	O
Brain	O
regions	O
in	O
which	O
there	O
were	O
significant	O
correlations	O
between	O
verba-visual	O
learning	O
(	O
Fuld	TEST
Object	TEST
Memory	TEST
Evaluation	TEST
test	TEST
2013	TEST
delay	TEST
)	O
score	O
and	O
gray	O
matter	O
volume	O
(	O
p	O
<	O
0.001	O
,	O
Z	O
>	O
3.09	O
)	O
in	O
48	O
elderly	O
patients	O
with	O
depressive	O
disorder	O
.	O
Bayer	TEST
Activities	TEST
of	TEST
Daily	TEST
Living	TEST
Scale	TEST
(	O
B-ADL	TEST
)	O
.	O
Mini	TEST
Mental	TEST
Status	TEST
Examination	TEST
(	O
MMSE	TEST
)	O
.	O
Episodic	O
memory-verbal	O
:	O
Fuld	TEST
Object	TEST
Memory	TEST
Evaluation	TEST
(	O
FOME	TEST
)	O
(	O
Fuld	O
,	O
1980	O
,	O
Bustamante	O
,	O
2003	O
)	O
,	O
Wechsler	TEST
Memory	TEST
Scale-Revised	TEST
Logical	TEST
Memory	TEST
I	TEST
and	TEST
II	TEST
subtests	TEST
.	O
The	O
volume	O
of	O
gray	O
matter	O
in	O
the	O
left	O
parahippocampal	O
gyrus	O
was	O
also	O
found	O
to	O
correlate	O
significantly	O
with	O
scores	O
on	O
the	O
FOME	TEST
-	O
delayed	O
recall	O
scores	O
,	O
and	O
on	O
the	O
Visual	TEST
reproduction	TEST
I	TEST
tests	TEST
.	O
All	O
patients	O
completed	O
the	O
Mini-Mental	TEST
State	TEST
Examination	TEST
(	O
MMSE	TEST
)	O
.	O
In	O
addition	O
,	O
sample	O
1	O
completed	O
the	O
Dementia	TEST
Rating	TEST
Scale	TEST
.	O
Patients	O
with	O
an	O
MMSE	TEST
score	O
>	O
16	O
completed	O
a	O
neuropsychological	O
battery	O
consisting	O
of	O
the	O
multiple-choice	O
version	O
of	O
the	O
Benton	TEST
Visual	TEST
Retention	TEST
Test	TEST
,	O
the	O
Judgement	TEST
of	TEST
Line	TEST
Orientation	TEST
Test	TEST
and	O
the	O
Stroop	TEST
Word	TEST
Test	TEST
.	O
Sample	O
2	O
completed	O
the	O
Cambridge	TEST
Cognitive	TEST
Examination	TEST
,	O
the	O
cognitive	O
section	O
of	O
the	O
Cambridge	TEST
Mental	TEST
Disorders	TEST
of	TEST
the	TEST
Elderly	TEST
Examination	TEST
.	O
The	O
CERAD	TEST
total	O
score	O
was	O
obtained	O
by	O
combining	O
the	O
scores	O
of	O
its	O
six	O
subtests	O
:	O
Verbal	TEST
Fluency	TEST
modified	O
Boston	TEST
Naming	TEST
Test	TEST
.	O
The	O
Consortium	TEST
to	TEST
Establish	TEST
a	TEST
Registry	TEST
for	TEST
AD	TEST
(	O
CERAD	TEST
)	O
neuropsychological	O
battery	O
was	O
developed	O
to	O
provide	O
standardized	O
and	O
validated	O
measures	O
for	O
the	O
assessment	O
of	O
AD	O
across	O
the	O
whole	O
range	O
of	O
disease	O
severity	O
It	O
is	O
composed	O
of	O
five	O
tests	O
derived	O
from	O
previously	O
established	TEST
cognitive	TEST
tests	TEST
(	O
Animal	TEST
Naming	TEST
,	O
Modified	TEST
Boston	TEST
Naming	TEST
Test	TEST
[	O
BNT	TEST
]	O
,	O
Mini-Mental	TEST
State	TEST
Examination	TEST
[	O
MMSE	TEST
]	O
,	O
Constructional	TEST
Praxis	TEST
,	O
and	O
Word	TEST
List	TEST
Memory	TEST
)	O
.	O
We	O
then	O
administered	O
the	O
Minnesota	TEST
Impulsive	TEST
Disorder	TEST
Interview	TEST
,	O
which	O
investigates	O
the	O
presence	O
of	O
selected	O
ICDs	O
.	O
All	O
had	O
normal	O
or	O
corrected-to-normal	O
vision	O
,	O
no	O
history	O
of	O
neurological	O
or	O
psychiatric	O
disorders	O
,	O
and	O
were	O
right-handed	O
,	O
as	O
measured	O
by	O
the	O
Edinburgh	TEST
Handedness	TEST
Inventory	TEST
.	O
We	O
evaluated	O
the	O
brain	O
metabolic	O
correlates	O
of	O
main	O
indexes	O
of	O
a	O
widely	O
used	O
word	O
list	O
learning	O
test	O
,	O
the	O
Rey	TEST
Auditory	TEST
Verbal	TEST
Memory	TEST
Test	TEST
(	O
RAVLT	TEST
)	O
,	O
in	O
a	O
group	O
of	O
elderly	O
subjects	O
with	O
memory	O
complaints	O
.	O
Besides	O
the	O
RAVLT	TEST
,	O
subjects	O
underwent	O
the	O
same	O
neuropsychological	O
test	O
battery	O
including	O
standard	O
tests	O
for	O
attention	O
,	O
language	O
,	O
visuoconstruction	O
,	O
and	O
executive	O
function	O
in	O
use	O
in	O
our	O
laboratory	O
see	O
also	O
references	O
.	O
The	O
present	O
study	O
focuses	O
on	O
the	O
RAVLT	TEST
,	O
consisting	O
of	O
5	TEST
free-recall	TEST
trials	TEST
of	TEST
a	TEST
15	TEST
words	TEST
list	TEST
and	O
a	O
recall	O
(	O
trial	O
6	O
)	O
after	O
an	O
interference	O
period	O
of	O
15	O
minutes	O
.	O
With	O
this	O
aim	O
,	O
we	O
selected	O
patients	O
with	O
either	O
SMC	O
or	O
aMCI	O
that	O
formed	O
a	O
'	O
Memory	O
Complaint	O
'	O
(	O
MC	O
)	O
group	O
and	O
analyzed	O
the	O
correlation	O
between	O
some	O
indexes	O
of	O
the	O
Rey	TEST
Auditory	TEST
Verbal	TEST
Learning	TEST
Test	TEST
(	O
RAVLT	TEST
)	O
and	O
brain	O
glucose	O
metabolism	O
(	O
by	O
means	O
of	O
18	O
F-FDG-PET	O
)	O
,	O
as	O
an	O
early	O
marker	O
of	O
synaptic	O
transmission	O
failure	O
.	O
Our	O
working	O
hypothesis	O
was	O
that	O
impairment	O
in	O
RAVLT	TEST
indexes	O
could	O
reflect	O
hypometabolism	O
in	O
some	O
of	O
the	O
typical	O
dysfunction	O
sites	O
of	O
very	O
early	O
AD	O
,	O
thus	O
helping	O
in	O
unraveling	O
the	O
pathophysiological	O
meaning	O
of	O
memory	O
dysfunction	O
in	O
these	O
subjects	O
.	O
They	O
met	O
apathy	O
criteria	O
published	O
by	O
Robert	O
et al	O
and	O
had	O
a	O
score	O
greater	O
than	O
16	O
on	O
the	O
Lille	TEST
Apathy	TEST
Rating	TEST
Scale	TEST
(	O
LARS	TEST
)	O
.	O
Apathy	O
severity	O
(	O
according	O
to	O
the	O
LARS	TEST
)	O
was	O
correlated	O
with	O
atrophy	O
in	O
the	O
left	O
nucleus	O
accumbens	O
.	O
First	O
of	O
all	O
,	O
all	O
participants	O
underwent	O
a	O
behavioral	O
assessment	O
including	O
:	O
the	O
gambling	TEST
symptom	TEST
assessment	TEST
scale	TEST
(	O
G-SAS	TEST
)	O
,	O
which	O
gives	O
a	O
severity	O
score	O
during	O
a	O
patient's	O
worst	O
week	O
of	O
gambling	O
activity	O
(	O
past	O
gambling	O
)	O
and	O
a	O
severity	O
score	O
for	O
current	O
gambling	O
activity	O
the	O
Barratt	TEST
Impulsivity	TEST
Scale	TEST
(	O
BIS-11	TEST
)	O
.	O
Next	O
,	O
additional	O
neuropsychological	O
measures	O
were	O
also	O
evaluated	O
:	O
executive	O
control	O
(	O
Frontal	TEST
Assessment	TEST
Battery	TEST
,	O
Modified	TEST
Card	TEST
Sorting	TEST
Test	TEST
and	O
Stroop	TEST
task	TEST
)	O
,	O
attention	O
and	O
working	O
memory	O
(	O
Digit	TEST
Span	TEST
Forward	TEST
and	O
Backward	TEST
)	O
,	O
short	O
and	O
long	O
term	O
verbal	O
memory	O
(	O
Rey	TEST
Auditory	TEST
Verbal	TEST
Learning	TEST
Test	TEST
)	O
,	O
verbal	O
fluency	O
and	O
language	O
comprehension	O
(	O
Word	TEST
List	TEST
Generation	TEST
,	O
Token	TEST
Test	TEST
)	O
and	O
visualespatial	O
skills	O
(	O
Judgment	TEST
of	TEST
Line	TEST
Orientation	TEST
)	O
.	O
All	O
subjects	O
were	O
screened	O
for	O
suitability	O
of	O
fMRI	O
participation	O
and	O
right-handedness	O
according	O
to	O
the	O
Edinburgh	TEST
inventory	TEST
for	TEST
handedness	TEST
.	O
Correlations	O
between	O
self-rated	O
Apathy	TEST
Evaluation	TEST
Scale	TEST
scores	TEST
and	O
dopamine	O
transporter	O
binding	O
to	O
the	O
striatal	O
sub-regions	O
.	O
We	O
conducted	O
a	O
survey	O
of	O
the	O
degree	O
of	O
apathy	O
using	O
the	O
self-rated	O
version	O
of	O
the	O
Apathy	TEST
Evaluation	TEST
Scale	TEST
(	O
AES-S	TEST
)	O
in	O
PD	O
patients	O
who	O
met	O
the	O
following	O
criteria	O
.	O
Thirty-four	O
patients	O
were	O
assigned	O
to	O
the	O
apathetic	O
PD	O
group	O
(	O
AES-S	TEST
score	O
>	O
37	O
)	O
,	O
and	O
41	O
patients	O
were	O
assigned	O
to	O
the	O
depressed	O
PD	O
group	O
(	O
BDI	TEST
score	O
>	O
15	O
)	O
.	O
Daytime	O
sleepiness	O
was	O
estimated	O
by	O
the	O
Epworth	TEST
Sleepiness	TEST
Scale	TEST
(	O
ESS	TEST
)	O
.	O
Prior	O
to	O
being	O
enrolled	O
in	O
the	O
experiment	O
,	O
participants	O
were	O
administered	O
a	O
standard	O
health	O
history	O
questionnaire	O
and	O
completed	O
a	O
Mini	TEST
Mental	TEST
State	TEST
Examination	TEST
(	O
MMSE	TEST
)	O
.	O
The	O
stimuli	O
used	O
in	O
the	O
action	O
and	O
object	O
picture-naming	O
tasks	O
were	O
taken	O
from	O
the	O
Center	O
for	O
Research	O
in 	O
Language-International	TEST
Picture-Naming	TEST
Project	TEST
corpus	TEST
CRL-IPNP	TEST
.	O
The	O
neuropsychological	O
test	O
battery	O
included	O
measures	O
to	O
assess	O
non-verbal	O
reasoning	O
(	O
Raven-Colored	TEST
Progressive	TEST
Matrices	TEST
)	O
,	O
language	O
comprehension	O
(	O
Token	TEST
Test	TEST
)	O
,	O
verbal	TEST
fluency	TEST
(	O
phonemic	TEST
and	TEST
semantic	TEST
)	O
,	O
memory	O
(	O
Story	TEST
Recall	TEST
,	O
Rey每Osterrieth	TEST
Complex	TEST
Figure	TEST
Recall	TEST
,	O
Digit	TEST
Span	TEST
,	O
Spatial	TEST
Span	TEST
)	O
,	O
visuo-spatial	O
abilities	O
(	O
Rey每Osterrieth	TEST
Complex	TEST
Figure	TEST
,	O
Copy	O
)	O
,	O
attention	O
and	O
executive	O
functions	O
(	O
Trail-Making	TEST
Test	TEST
A	TEST
and	TEST
B	TEST
)	O
.	O
All	O
patients	O
received	O
the	O
clinical	TEST
dementia	TEST
rating	TEST
(	O
CDR	TEST
)	O
and	O
underwent	O
a	O
neuropsychological	O
assessment	O
measuring	O
global	O
cognitive	O
functioning	O
(	O
Mini-Mental	TEST
State	TEST
Examination	TEST
[	O
MMSE	TEST
]	O
,	O
and	O
Raven's	TEST
Coloured	TEST
Progressive	TEST
Matrices	TEST
,	O
long-term	O
verbal	O
and	O
spatial	O
memory	O
(	O
Story	TEST
Recall	TEST
,	O
Rey每Osterrieth	TEST
Complex	TEST
Figure	TEST
recall	TEST
)	O
,	O
visuospatial	O
abilities	O
(	O
Rey每Osterrieth	TEST
Complex	TEST
Figure	TEST
copy	TEST
,	O
Clock	TEST
Design	TEST
)	O
,	O
executive	O
functions	O
(	O
Weigl's	TEST
Sorting	TEST
Test	TEST
,	O
Phonemic	TEST
and	TEST
Semantic	TEST
Fluencies	TEST
,	O
Frontal	TEST
Assessment	TEST
Battery	TEST
)	O
and	O
attention	O
(	O
Number	TEST
cancellation	TEST
)	O
.	O
We	O
included	O
patients	O
with	O
Mini-Mental	TEST
State	TEST
Examination	TEST
(	O
MMSE	TEST
)	O
scores	O
of	O
20	O
and	O
greater	O
.	O
The	O
aim	O
of	O
our	O
study	O
was	O
to	O
identify	O
the	O
cerebral	O
correlates	O
of	O
neuropsychological	O
deficits	O
as	O
assessed	O
by	O
the	O
CERAD-NP	TEST
test	TEST
battery	TEST
in	O
a	O
large	O
sample	O
including	O
healthy	O
subjects	O
and	O
both	O
,	O
patients	O
with	O
MCI	O
and	O
AD	O
.	O
Cognitive	O
functions	O
were	O
investigated	O
using	O
the	O
German	TEST
version	TEST
of	TEST
the	TEST
CERAD-NP	TEST
test	TEST
battery	TEST
.	O
the	O
CERAD	TEST
subtests	TEST
'	O
immediate recall	TEST
'	O
and	O
'	O
delayed	TEST
recall	TEST
'	O
referred	O
to	O
left-and	O
to	O
a	O
somewhat	O
lesser	O
extend-right	O
temporal	O
lobe	O
changes	O
including	O
the	O
hippocampus	O
,	O
those	O
in	O
the	O
subtest	O
'	O
recognition	O
'	O
to	O
gray	O
matter	O
reductions	O
in	O
the	O
left	O
hippocampus	O
and	O
dorsolateral	O
prefrontal	O
cortex	O
(	O
bihemispheric	O
)	O
,	O
respectively	O
.	O
Impaired	O
performance	O
in	O
the	O
CERAD	TEST
subtest	O
'	O
verbal	O
fluency	O
'	O
was	O
correlated	O
with	O
reduced	O
gray	O
matter	O
density	O
values	O
in	O
the	O
left	O
dorsolateral	O
prefrontal	O
cortex	O
(	O
including	O
Brodmann	O
area	O
44	O
)	O
,	O
gyrus	O
temporalis	O
superior	O
,	O
and	O
right	O
thalamus	O
,	O
while	O
performance	O
deficits	O
in	O
the	O
naming	O
subtest	O
referred	O
to	O
reductions	O
in	O
the	O
left-and	O
to	O
a	O
lesser	O
extent-right	O
temporal	O
cortex	O
,	O
including	O
the	O
hippocampus	O
(	O
bilaterally	O
)	O
.	O
Eighteen	O
of	O
the	O
19	O
AD	O
subjects	O
had	O
a	O
detailed	O
neuropsychometric	O
assessment	O
using	O
the	O
following	O
tests	O
:	O
Mini-Mental	TEST
State	TEST
Examination	TEST
(	O
MMSE	TEST
)	O
Warrington	TEST
short	TEST
recognition	TEST
memory	TEST
tests	TEST
(	O
WRTM	TEST
)	O
for	O
words	O
and	O
faces	O
,	O
AD	TEST
Assessment	TEST	
Scale	TEST
Word	TEST
List	TEST
Learning	TEST
test	TEST
and	O
30	TEST
minute	TEST
delayed	TEST
recall	TEST
,	O
immediate	TEST
and	TEST
delayed	TEST
recall	TEST
of	TEST
modified	TEST
complex	TEST
figure	TEST
,	O
Digit	TEST
Span	TEST
forwards	TEST
,	O
Trail	TEST
Making	TEST
Part	TEST
A	TEST
,	O
clock	TEST
drawing	TEST
,	O
copy	TEST
of	TEST
modified	TEST
complex	TEST
figure	TEST
,	O
30-item	TEST
Boston	TEST
Naming	TEST
Test	TEST
,	O
letter	TEST
fluency	TEST
(	O
FAS	TEST
)	O
,	O
category	TEST
fluency	TEST
(	O
animals	O
,	O
birds	O
,	O
and	O
dogs	O
)	O
.	O
Levels	O
of	O
temporal	O
lobe	O
metabolism	O
correlated	O
with	O
scores	O
for	O
the	O
MMSE	TEST
.	O
In	O
the	O
present	O
study	O
,	O
we	O
evaluated	O
the	O
effect	O
of	O
bilateral	O
STN	O
DBS	O
on	O
HRQoL	O
in	O
patients	O
with	O
advanced	O
PD	O
using	O
the	O
PDQ-39	TEST
and	TEST
NHP	TEST
questionnaires	TEST
.	O
Fig	O
shows	O
the	O
PDQ-39	TEST
scores	O
preoperatively	O
,	O
1	O
month	O
and	O
12	O
months	O
postoperatively	O
.	O
We	O
used	O
two	O
HRQoL	O
instruments	O
,	O
the	O
PDQ-39	TEST
and	O
NHP	TEST
,	O
to	O
measure	O
the	O
HRQoL	O
.	O
Episodic	O
memory	O
was	O
assessed	O
by	O
the	O
Rey	O
Auditory	TEST
Verbal	TEST
Learning	TEST
Test	TEST
(	O
RAVLT	TEST
)	O
,	O
which	O
includes	O
a	O
list	O
of	O
15	O
words	O
to	O
be	O
recalled	O
immediately	O
after	O
each	O
of	O
the	O
5	O
verbal	O
presentations	O
and	O
after	O
a	O
30-min	O
delay	O
.	O
A	O
test	O
of	O
frontal	O
lobe	O
functions	O
included	O
the	O
trail	TEST
making	TEST
test	TEST
B	TEST
(	O
TMT-B	TEST
,	O
score	O
.	O
For	O
neuropsychological	O
test	O
scores	O
,	O
we	O
used	O
tests	O
of	O
free	TEST
recall	TEST
and	O
the	TEST
trail	TEST
making	TEST
test	TEST
B	TEST
(	O
TMT-B	TEST
)	O
. 	O
Verbal	TEST
Fluency	TEST
Tests	TEST
.	O
Nonverbal	O
fluency	O
was	O
assessed	O
with	O
the	O
Ruff	TEST
Figural	TEST
Fluency	TEST
Test	TEST
.	O
All	O
AD	O
patients	O
were	O
administered	O
the	O
CERAD	TEST
Drawing	TEST
test	TEST
and	O
the	O
RBANS	TEST
Figure	TEST
Copy	TEST
test	TEST
by	O
a	O
trained	O
psychometrician	O
.	O
The	O
assessment	O
of	O
constructional	O
praxis	O
in	O
the	O
CERAD	TEST
Drawing	TEST
test	TEST
requires	O
copying	O
four	O
line	O
drawings	O
of	O
figures	O
of	O
increasing	O
complexity	O
(	O
a	O
circle	O
,	O
a	O
diamond	O
,	O
intersecting	O
rectangles	O
,	O
and	O
a	O
cube	O
)	O
,	O
the	O
Consortium	TEST
to	TEST
Establish	TEST
a	TEST
Registry	TEST
for	TEST
Alzheimer∩s	TEST
Disease	TEST
(	O
CERAD	TEST
)	O
Drawing	TEST
test	TEST
(	O
Morris	O
)	O
,	O
and	O
the	O
copying	O
task	O
of	O
the	O
modified	O
Rey-Figure	O
from	O
the	O
Repeatable	TEST
Battery	TEST
for	TEST
the	TEST
Assessment	TEST
of	TEST
Neuropsychological	TEST
Status	TEST
(	O
RBANS	TEST
)	O
,	O
called	O
RBANS	TEST
Figure	TEST
Copy	TEST
test	TEST
.	O
Performance	O
on	O
the	O
CERAD	TEST
Drawing	TEST
test	TEST
correlated	O
significantly	O
with	O
normalized	O
FDG	O
uptake	O
in	O
six	O
clusters	O
,	O
with	O
main	O
peaks	O
in	O
the	O
bilateral	O
inferior	O
temporal	O
gyri	O
,	O
bilateral	O
precuneus	O
,	O
right	O
supramarginal	O
gyrus	O
and	O
right	O
middle	O
temporal	O
gyrus	O
.	O
Forty-three	O
patients	O
suffered	O
from	O
severe	O
dementia	O
,	O
12	O
from	O
moderate	O
and	O
only	O
1	O
from	O
mild	O
dementia	O
according	O
to	O
the	O
Clinical	TEST
Dementia	TEST
Rating	TEST
.	O
All	O
participants	O
completed	O
the	O
Addenbrooke's	TEST
Cognitive	TEST
Examination	TEST
Revised	TEST
as	O
a	O
general	O
cognitive	O
measure	O
as	O
well	O
as	O
tests	O
of	O
language	O
comprehension	O
and	O
expression	O
.	O
Auditory	O
attention	O
span	O
and	O
working	O
memory	O
were	O
assessed	O
using	O
the	O
Digit	TEST
Span	TEST
Forward	TEST
(	O
DSF	TEST
)	O
and	TEST
Backward	TEST
(	O
DSB	TEST
)	O
subtests	O
of	O
the	O
Wechsler	TEST
Memory	TEST
ScaleeThird	TEST
edition	TEST
.	O
Visuospatial	O
attention	O
span	O
and	O
working	O
memory	O
were	O
examined	O
with	O
the	O
Spatial	TEST
Span	TEST
Forward	TEST
(	O
SSF	TEST
)	O
and	TEST
Backward	TEST
(	O
SSB	TEST
)	O
subtests	O
of	O
the	O
WMS-III	TEST
.	O
Subjects	O
from	O
both	O
groups	O
also	O
underwent	O
a	O
neuropsychological	O
test	O
battery	O
including	O
subitems	O
for	O
language	O
comprehension	O
,	O
praxis	O
,	O
remote	O
memory	O
,	O
and	O
recent	O
memory	O
from	O
the	O
CAMDEX	TEST
section	O
for	O
assessment	O
of	O
cognitive	O
function	O
(	O
CAMCOG	TEST
)	O
,	O
a	O
category	O
verbal	O
fluency	O
task	O
.	O
The	O
patient	O
groups	O
were	O
matched	O
in	O
age	O
,	O
education	O
,	O
duration	O
of	O
disease	O
,	O
and	O
Mini	TEST
Mental	TEST
State	TEST
Examination	TEST
(	O
MMSE	TEST
)	O
score	O
.	O
The	O
episodic	O
learning	O
task	O
is	O
the	O
CVLT	TEST
.	O
The	O
GDS	TEST
score	O
was	O
positively	O
correlated	O
with	O
NFT	O
densities	O
in	O
areas	O
.	O
The	O
Consortium	TEST
to	TEST
Establish	TEST
a	TEST
Registry	TEST
for	TEST
Alzheimer's	TEST
Disease	TEST
(	O
CERAD	TEST
)	O
neuropsychological	O
battery	O
revealed	O
severe	O
memory	O
deficits	O
,	O
mild	O
language	O
deficits	O
and	O
mild	O
praxic	O
disabilities	O
such	O
as	O
constructional	O
apraxia	O
in	O
all	O
of	O
the	O
cases	O
.	O
The	O
assessment	O
of	O
spatial	O
orientation	O
was	O
performed	O
in	O
three	O
steps	O
using	O
an	O
adapted	O
version	O
of	O
the	O
locational	O
orientation	O
subtests	O
of	O
the	O
Mini	TEST
Mental	TEST
State	TEST
Examination	TEST
.	O
The	O
WAIS-R	TEST
Similarities	TEST
subtest	TEST
(	O
SIM	TEST
)	O
,	O
a	O
measure	O
that	O
requires	O
one	O
to	O
identify	O
a	O
superordinate	O
category	O
or	O
features	O
shared	O
by	O
word	O
pairs	O
.	O
Language	O
and	O
Semantic	O
Knowledge	O
was	O
assessed	O
with	O
the	O
60-item	O
version	O
of	O
the	O
Boston	TEST
Naming	TEST
Test	TEST
.	O
This	O
was	O
assessed	O
with	O
the	O
9-word	O
dementia	O
version	O
of	O
the	O
California	TEST
Verbal	TEST
Learning	TEST
Test	TEST
.	O
Executive	O
Systems	O
Functioning	O
was	O
assessed	O
with	O
the	O
Boston	O
Revision	O
of	O
the	O
Wechsler	TEST
Memory	TEST
Scale	TEST
(	O
WMS	TEST
)	O
Mental	TEST
Control	TEST
subtest	TEST
.	O
Our	O
result	O
showed	O
a	O
significant	O
positive	O
correlation	O
between	O
the	O
WMS-R-verbal	TEST
score	O
and	O
the	O
bilateral	O
entorhinal	O
cortex	O
volume	O
.	O
The	O
aim	O
of	O
the	O
present	O
study	O
was	O
to	O
investigate	O
the	O
correlation	O
between	O
local	O
gray	O
matter	O
volume	O
and	O
the	O
WMS-R-verbal	TEST
score	O
in	O
healthy	O
adults	O
using	O
high	O
spatial	O
resolution	O
T1-weighted	O
images	O
with	O
a	O
3	O
Tesla	O
MR	O
(	O
3	O
T-MR	O
)	O
scanner	O
and	O
VBM	O
.	O
The	O
Wechsler	TEST
Memory	TEST
Scale-Revised	TEST
(	O
WMS-R	TEST
)	O
is	O
commonly	O
used	O
as	O
a	O
short-term	O
memory	O
function	O
test	O
.	O
the	O
Benton	TEST
Visual	TEST
Retention	TEST
Test	TEST
(	O
BVRT	TEST
)	O
and	O
constructional	TEST
praxis	TEST
(	O
CP	TEST
)	O
and	O
constructional	TEST
praxis	TEST
recall	TEST
(	O
CR	TEST
)	O
tests	O
in	O
the	O
Consortium	TEST
to	TEST
Establish	TEST
a	TEST
Registry	TEST
of	TEST
Alzheimer's	TEST
Disease	TEST
(	O
CERAD	TEST
)	O
neuropsychological	O
battery	O
.	O
A	O
significant	O
positive	O
correlation	O
between	O
CERAD	TEST
CP	TEST
test	TEST
performance	O
and	O
rCMglc	O
was	O
found	O
in	O
the	O
posterior	O
part	O
of	O
the	O
left	O
inferior	O
temporal	O
region	O
,	O
extending	O
into	O
the	O
temporo-occipital	O
junction	O
,	O
and	O
in	O
the	O
bilateral	O
posterior	O
parietal	O
regions	O
including	O
the	O
left	O
inferior	O
parietal	O
and	O
right	O
superior	O
parietal	O
regions	O
.	O
In	O
addition	O
,	O
CERAD	TEST
CP	TEST
test	TEST
scores	O
showed	O
a	O
significant	O
correlation	O
with	O
rCMglc	O
of	O
the	O
left	O
dorsolateral	TEST
prefrontal	TEST
cortex	TEST
(	O
DLPFC	TEST
)	O
in	O
CI	O
patients	O
.	O
The	O
present	O
study	O
aimed	O
to	O
identify	O
functional	O
neural	O
correlates	O
of	O
the	O
BVRT	TEST
and	O
CERAD	TEST
figure	O
copy	O
and	O
recall	O
tasks	O
measured	O
by	O
resting-state	O
18	O
F-FDG-PET	O
in	O
CI	O
individuals	O
across	O
the	O
AD	O
spectrum	O
.	O
In	O
addition	O
,	O
we	O
explored	O
differences	O
between	O
the	O
underlying	O
functional	O
neuroanatomical	O
substrates	O
of	O
these	O
two	O
tasks	O
.	O
The	O
CERAD	TEST
CP	TEST
and	O
CR	TEST
tests	TEST
consisted	O
of	O
four	O
visual	O
stimuli	O
(	O
circle	O
,	O
diamond	O
,	O
overlapping	O
rectangles	O
,	O
and	O
cube	O
)	O
,	O
with	O
increasing	O
complexity	O
.	O
First	O
,	O
participants	O
were	O
required	O
to	O
copy	O
each	O
item	O
exposed	O
(	O
CP	TEST
)	O
.	O
Approximately	O
5min	O
after	O
completing	O
the	O
CP	TEST
test	O
,	O
were	O
asked	O
to	O
recall	O
and	O
draw	O
the	O
CP	TEST
items	O
from	O
memory	O
(	O
CR	TEST
)	O
.	O
The	O
scoring	O
range	O
was	O
0	O
for	O
both	O
the	O
CP	TEST
and	O
CR	TEST
tests	O
.	O
The	O
domain	O
of	O
"	O
Executive	O
Functions	O
"	O
included	O
the	O
following	O
tests	O
:	O
digit	TEST
span	TEST
,	O
Trail-Making	TEST
part	TEST
B	TEST
,	O
Stroop	TEST
color	TEST
and	TEST
word	TEST
,	O
Tower	TEST
of	TEST
London	TEST
corrected	TEST
and	TEST
movement	TEST
,	O
Brixton	TEST
,	O
and	O
the	O
Montreal	TEST
Evaluation	TEST
of	TEST
Communication	TEST
(	O
MEC	TEST
)	O
Verbal	TEST
Fluency	TEST
(	O
orthographic	O
)	O
.	O
The	O
"	O
Memory	O
"	O
domain	O
included	O
the	O
Rey	TEST
Auditory	TEST
Verbal	TEST
Learning	TEST
Test	TEST
(	O
List	O
B	O
:	O
delayed	O
recall	O
and	O
recognition	O
and	O
sleep	O
)	O
and	O
the	O
Wechsler	TEST
Memory	TEST
Scale	TEST
,	O
3rd	O
edition	O
logical	O
immediate	O
and	O
delayed	O
tests	O
.	O
The	O
"	O
Visuo-spatial	O
"	O
domain	O
included	O
the	O
Hooper	TEST
Visual	TEST
Organization	TEST
and	O
Clock-drawing	TEST
subtest	O
of	O
the	O
Montreal	TEST
Cognitive	TEST
Assessment	TEST
.	O
The	O
"	O
Language	O
"	O
domain	O
included	O
the	O
Boston	TEST
Naming	TEST
test	TEST
,	O
MEC	TEST
Verbal	TEST
Fluency	TEST
(	O
semantic	O
)	O
,	O
and	O
the	O
Vocabulary	O
subtest	O
of	O
the	O
Wechsler	TEST
Abbreviated	TEST
Scale	TEST
of	TEST
Intelligence	TEST
.	O
The	O
comprehensive	O
neuropsychological	O
evaluation	O
(	O
off	O
medication	O
)	O
targeted	O
4	O
main	O
cognitive	O
domains	O
using	O
various	O
tests	O
.	O
The	O
testing	O
for	O
executive	O
functions	O
and	O
attention	O
included	O
:	O
Digit	TEST
Span	TEST
,	O
Trail	TEST
Making	TEST
part	TEST
B	TEST
,	O
Stroop	TEST
Color	TEST
and	TEST
Word	TEST
,	O
Tower	TEST
of	TEST
London	TEST
,	O
Brixton	TEST
,	O
and	O
the	O
Verbal	TEST
Fluency	TEST
(	O
orthographic	O
criteria	O
)	O
subtest	O
of	O
the	O
Montreal	TEST
Evaluation	TEST
of	TEST
Communication	TEST
(	O
MEC	TEST
)	O
.	O
Verbal	O
learning	O
and	O
memory	O
testing	O
included	O
:	O
the	O
Logical	TEST
Memory	TEST
subtest	TEST
of	O
the	O
Wechsler	TEST
Memory	TEST
Scale-third	TEST
edition	TEST
(	O
WMS-III	TEST
)	O
and	O
measures	O
of	O
the	O
Rey	TEST
Auditory	TEST
Verbal	TEST
Learning	TEST
Test	TEST
(	O
RAVLT	TEST
)	O
.	O
Language	O
domain	O
testing	O
included	O
:	O
Boston	TEST
Naming	TEST
test	TEST
,	O
the	O
Verbal	TEST
Fluency	TEST
(	O
semantic	O
criteria	O
)	O
subtest	O
of	O
the	O
MEC	TEST
,	O
and	O
the	O
Vocabulary	O
subtest	O
of	O
the	O
Wechsler	TEST
Abbreviated	TEST
Scale	TEST
of	TEST
Intelligence	TEST
.	O
The	O
testing	O
of	O
visuoperceptual	O
abilities	O
included	O
:	O
Hooper	TEST
Visual	TEST
Organization	TEST
,	O
and	O
the	O
Clock-drawing	TEST
subtest	O
of	O
the	O
Montreal	TEST
Cognitive	TEST
Assessment	TEST
(	O
MoCA	TEST
)	O
.	O
Table	O
1	O
provides	O
the	O
average	O
Z-scores	O
,	O
which	O
were	O
computed	O
using	O
all	O
measures	O
within	O
each	O
of	O
the	O
4	O
cognitive	O
domains	O
for	O
each	O
group	O
(	O
HC	O
,	O
PD	O
non-MCI	O
,	O
and	O
PD-MCI	O
)	O
,	O
along	O
with	O
significant	O
differences	O
between	O
groups	O
.	O
Before	O
the	O
scanning	O
session	O
,	O
a	O
screening	O
test	O
〞	O
the	O
Montreal	TEST
Cognitive	TEST
Assessment	TEST
(	O
MoCA	TEST
)	O
was	O
administered	O
.	O
Memory	O
functions	O
were	O
assessed	O
with	O
subtests	O
from	O
the	O
Wechsler	TEST
Memory	TEST
Scale-Revised	TEST
in	O
German	O
.	O
All	O
patients	O
filled	O
in	O
the	O
Epworth	TEST
Sleepiness	TEST
Scale	TEST
(	O
ESS	TEST
)	O
to	O
assess	O
daytime	O
sleepiness	O
.	O
The	O
Parkinson's	TEST
disease	TEST
sleep	TEST
scale	TEST
(	O
PDSS	TEST
)	O
was	O
used	O
to	O
assess	O
sleep	O
disorders	O
.	O
Depressive	O
symptoms	O
were	O
measured	O
using	O
the	O
self-rating	O
depression	O
scale	O
(	O
SDS	O
)	O
by	O
Zung	O
.	O
In	O
patients	O
with	O
Hoehn	O
and	O
Yahr	O
stage	O
2	O
,	O
there	O
was	O
a	O
significant	O
inverse	O
correlation	O
of	O
the	O
ESS	TEST
score	O
with	O
mean	O
DAT	O
binding	O
of	O
both	O
sides	O
of	O
the	O
striatum	O
.	O
Identify	O
cognitive-behavioral	O
profiles	O
of	O
LBD	TEST
and	O
tauopathies	O
using	O
the	O
neuropsychological	O
test	O
battery	O
described	O
by	O
the	O
Consortium	TEST
to	TEST
Establish	TEST
a	TEST
Registry	TEST
of	TEST
Alzheimer's	TEST
Disease	TEST
(	O
CERAD	TEST
)	O
.	O
Thirty-seven	O
percent	O
(	O
22	O
of	O
59	O
)	O
of	O
the	O
PD	O
patients'	O
Beck	TEST
Anxiety	TEST
Inventory	TEST
(	O
BAI	TEST
)	O
scores	O
were	O
above	O
a	O
traditional	O
cutoff	O
score	O
of	O
10	O
after	O
removal	O
of	O
neurophysiologic	O
and	O
autonomic	O
cluster	O
items	O
.	O
Repeated-measures	O
ANOVAs	O
were	O
computed	O
on	O
BAI	TEST
total	O
score	O
and	O
neurophysiologic	O
,	O
subjective	O
,	O
panic	O
,	O
and	O
autonomic	O
factor	O
scores	O
.	O
such	O
as	O
the	O
California	TEST
Verbal	TEST
Learning	TEST
Tests	TEST
(	O
CVLT	TEST
)	O
,	O
the	O
Buschke	TEST
Selective	TEST
Reminding	TEST
Test	TEST
and	O
the	O
Rey	TEST
Osterrieth	TEST
Complex	TEST
Figure	TEST
(	O
ROCF	TEST
)	O
test	O
.	O
Short	O
version	O
of	O
the	O
Boston	TEST
Naming	TEST
Test	TEST
(	O
BNT	TEST
)	O
.	O
The	O
ROCF	TEST
test	TEST
(	O
Osterrieth	O
,	O
1944	O
)	O
begins	O
by	O
asking	O
participants	O
to	O
copy	O
a	O
complex	O
figure	O
on	O
a	O
sheet	O
of	O
paper	O
.	O
We	O
correlated	O
clinical	O
measures	O
of	O
episodic	O
(	O
i.e.	O
,	O
CVLT	TEST
and	O
ROCF	TEST
delayed	TEST
recall	TEST
)	O
and	O
semantic	O
(	O
i.e.	O
,	O
Boston	TEST
Naming	TEST
Test	TEST
(	O
BNT	TEST
)	O
and	O
category	TEST
verbal	TEST
fluency	TEST
of	TEST
animals	TEST
(	O
CVFA	TEST
)	O
memory	O
performance	O
with	O
measures	O
of	O
gray	O
and	O
white	O
matter	O
(	O
GM	O
and	O
WM	O
,	O
respectively	O
)	O
integrity	O
in	O
NC	O
,	O
aMCI	O
and	O
AD	O
patients	O
.	O
This	O
battery	O
included	O
the	O
short	O
version	O
of	O
BNT	TEST
(	O
Morris	O
et al.	O
,	O
1989	O
)	O
and	O
1	O
min	O
CVFA	TEST
(	O
animal	O
fluency	O
)	O
.	O
German	O
version	O
of	O
the	O
California	TEST
Verbal	TEST
Learning	TEST
Test	TEST
(	O
CVLT	TEST
)	O
.	O
grade	O
1	O
on	O
the	O
Clinical	TEST
Dementia	TEST
Rating 	TEST
.	O
The	O
mean	O
Mini	TEST
Mental	TEST
State	TEST
Examination	TEST
(	O
MMSE	TEST
)	O
score	O
was	O
19.4	O
.	O
We	O
assessed	O
verbal	O
semantic	O
memory	O
capacity	O
by	O
using	O
the	O
following	O
four	O
subtests	O
of	O
the	O
standardized	O
neuropsychological	O
test	O
batteries	O
,	O
i.e.	O
the	O
Western	TEST
Aphasia	TEST
Battery	TEST
(	O
WAB	TEST
)	O
and	O
the	O
Revised	TEST
Wechsler	TEST
Adult	TEST
Intelligence	TEST
Scale	TEST
(	O
WAIS-R	TEST
)	O
.	O
In	O
the	O
category	O
fluency	O
subtest	O
of	O
the	O
WAB	TEST
,	O
the	O
subject	O
was	O
asked	O
to	O
recite	O
as	O
many	O
animals	O
as	O
possible	O
within	O
a	O
60-second	O
time	O
limit	O
.	O
In	O
the	O
confrontation	O
naming	O
subtest	O
of	O
the	O
WAB	TEST
,	O
the	O
subjects	O
were	O
asked	O
to	O
name	O
20	O
real	O
common	O
objects	O
presented	O
individually	O
.	O
The	O
mean	O
mini	TEST
mental	TEST
state	TEST
examination	TEST
(	O
MMSE	TEST
)	O
score	O
was	O
19.6	O
.	O
A	O
semiquantitative	O
assessment	O
of	O
calculation	O
was	O
done	O
by	O
using	O
the	O
arithmetic	O
subtest	O
of	O
the	O
WAIS-R	TEST
and	O
the	O
calculation	O
subtest	O
of	O
the	O
WAB	TEST
.	O
The	O
WAB	TEST
calculation	O
subtest	O
consists	O
of	O
12	O
mental	O
arithmetic	O
problems	O
that	O
are	O
presented	O
in	O
written	O
forms	O
.	O
Neuropsychological	O
assessment	O
consisted	O
of	O
MMSE	TEST
to	O
evaluate	O
global	O
cognitive	O
dysfunction	O
and	O
Rey's	TEST
Auditory	TEST
Verbal	TEST
Learning	TEST
Test	TEST
(	O
RAVLT	TEST
)	O
.	O
The	O
RAVLT	TEST
consists	O
of	O
15	O
words	O
read	O
aloud	O
for	O
five	O
consecutive	O
trials	O
,	O
each	O
trial	O
being	O
followed	O
by	O
a	O
free	O
recall	O
test	O
.	O
The	O
severity	O
of	O
the	O
VH	TEST
was	O
rated	O
using	O
the	O
Spanish	O
version	O
of	O
the	O
neuropsychiatric	TEST
inventory	TEST
(	O
NPI	TEST
)	O
(	O
subscale	O
hallucinations	O
)	O
.	O
The	O
evaluation	O
included	O
assessment	O
of	O
general	O
cognitive	O
ability	O
with	O
information	O
and	O
similarities	O
subtest	O
from	O
WAIS-III	TEST
,	O
verbal	O
memory	O
with	O
the	O
Rey	TEST
Auditory	TEST
Verbal	TEST
Learning	TEST
Test	TEST
(	O
RAVLT	TEST
)	O
.	O
visuoperceptive	O
functions	O
with	O
the	O
Visual	TEST
Form	TEST
Discrimination	TEST
Test	TEST
and	O
Benton	TEST
Facial	TEST
Recognition	TEST
Test	TEST
.	O
frontal	O
functions	O
with	O
phonetic	O
and	O
semantic	O
fluencies	O
;	O
language	O
comprehension	O
with	O
the	O
Token	TEST
Test	TEST
and	O
Boston	TEST
Naming	TEST
Test	TEST
for	O
naming	O
.	O
The	O
PSQI	TEST
questionnaire	TEST
showed	O
a	O
significant	O
improvement	O
in	O
sleep	O
quality	O
.	O
Evaluations	O
included	O
a	O
complete	O
sleep	O
history	O
and	O
the	O
Pittsburgh	TEST
sleep	TEST
quality	TEST
index	TEST
(	O
PSQI	TEST
)	O
questionnaire	O
.	O
The	O
Mini-Mental	TEST
State	TEST
Examination	TEST
(	O
MMSE	TEST
)	O
with	O
a	O
cut-off	O
value	O
of	O
<	O
24	O
for	O
dementia	O
was	O
used	O
in	O
cases	O
where	O
an	O
extensive	O
neuropsychological	O
examination	O
wasQ	O
missing	O
.	O
Patients	O
were	O
considered	O
hallucinating	O
if	O
they	O
had	O
experienced	O
well-formed	O
visual	O
hallucinations	O
of	O
people	O
or	O
animals	O
for	O
at	O
least	O
4	O
weeks	O
determined	O
by	O
means	O
of	O
the	O
Scales	TEST
for	TEST
Outcomes	TEST
in	TEST
Parkinson's	TEST
disease	TEST
Psychiatric	TEST
Complications	TEST
(	O
SCOPA-PC	TEST
)	O
or	O
by	O
inquiry	O
.	O
Activities	TEST
of	TEST
daily	TEST
living	TEST
(	O
ADLs	TEST
)	O
/	O
Instrumental	TEST
Activities	TEST
of	TEST
daily	TEST
living	TEST
(	O
IADLs	TEST
)	O
.	O
Controlled	TEST
Oral	TEST
Word	TEST
Association	TEST
Test	TEST
(	O
COWAT	TEST
)	O
,	O
wherein	O
participants	O
are	O
given	O
60	O
seconds	O
to	O
produce	O
as	O
many	O
words	O
as	O
possible	O
from	O
a	O
semantic	O
and	O
phonemic	O
category	O
.	O
A	O
subindex	O
from	O
the	O
intersecting	O
pentagon	O
task	O
on	O
the	O
MMSE	TEST
was	O
utilized	O
to	O
evaluate	O
the	O
types	O
of	O
visuospatial	O
errors	O
made	O
in	O
this	O
task	O
.	O
Alzheimer's	TEST
Disease	TEST
Cooperative	TEST
Study-Activities	TEST
of	TEST
Daily	TEST
Living	TEST
Inventory	TEST
(	O
ADCS-ADL	TEST
)	O
.	O
All	O
participants	O
completed	O
the	O
MMSE	TEST
as	O
a	O
measure	O
of	O
global	O
cognitive	O
severity	O
.	O
Digit	TEST
Span	TEST
subtest	O
of	O
the	O
Wechsler	TEST
Adult	TEST
Intelligence	TEST
Scale	TEST
,	O
3rd	TEST
edition	TEST
(	O
WAIS-III	TEST
)	O
.	O
LOAD	O
patients	O
performed	O
significantly	O
worse	O
than	O
EOAD	O
patients	O
on	O
the	O
Boston	TEST
Naming	TEST
Test	TEST
.	O
Trail	TEST
Making	TEST
Test	TEST
(	O
TMT	TEST
,	O
Part	TEST
A	TEST
only	O
)	O
.	O
Neuropsychological	O
battery	O
of	O
the	O
Consortium	TEST
to	TEST
Establish	TEST
a	TEST
Registry	TEST
for	TEST
Alzheimer's	TEST
Disease	TEST
(	O
CERAD	TEST
)	O
.	O
In	O
contrast	O
,	O
on	O
measures	O
of	O
complex	O
attention	O
or	O
working	O
memory	O
,	O
significant	O
between-group	O
differences	O
were	O
found	O
on	O
the	O
Wechsler	TEST
Adult	TEST
Intelligence	TEST
Scale	TEST
Digit	TEST
Span	TEST
(	O
backwards	TEST
,	O
raw	TEST
)	O
subtest	O
.	O
The	O
first	O
series	O
included	O
the	O
MMSE	TEST
(	O
Folstein	O
et al.	O
,	O
1975	O
)	O
,	O
the	O
Free	TEST
and	TEST
Cued	TEST
Selective	TEST
Reminding	TEST
Test	TEST
,	O
the	O
Frontal	TEST
Assessment	TEST
Battery	TEST
.	O
The	O
Cookie	O
Theft	O
picture	O
from	O
the	O
Boston	TEST
Diagnostic	TEST
Aphasia	TEST
Examination	TEST
.	O
we	O
finally	O
classified	O
12	O
patients	O
with	O
an	O
ESS	TEST
>	O
10	O
as	O
PD-EDS	O
.	O
Following	O
an	O
evaluation	O
using	O
the	O
Epworth	TEST
Sleepiness	TEST
Scale	TEST
(	O
ESS	TEST
)	O
.	O
Executive	O
function	O
measured	O
using	O
the	O
Trail	TEST
Making	TEST
Test	TEST
B	TEST
and	O
Controlled	TEST
Oral	TEST
Word	TEST
Association	TEST
Test	TEST
.	O
Attention	O
and	O
working	O
memory	O
measured	O
using	O
the	O
Forward	TEST
and	TEST
Backward	TEST
Digit	TEST
Span	TEST
and	O
Trail	TEST
Making	TEST
Test	TEST
A	TEST
.	O
and	O
Language	O
measured	O
using	O
the	O
Boston	TEST
Naming	TEST
Test	TEST
(	O
30-item	O
version	O
)	O
.	O
The	O
MMSE	TEST
measured	O
global	O
cognitive	O
function	O
.	O
aMCI	O
subjects	O
scored	O
no	O
greater	O
than	O
0.5	O
on	O
Clinical	TEST
Dementia	TEST
Rating	TEST
scale	TEST
.	O
With	O
an	O
identified	O
study	O
partner	O
(	O
usually	O
a	O
spouse	O
)	O
,	O
each	O
recruited	O
subject	O
then	O
underwent	O
a	O
functional	O
assessment	O
that	O
included	O
the	O
CDR	TEST
(	O
Morris	O
,	O
1993	O
)	O
,	O
Neuropsychiatric	TEST
Inventory	TEST
(	O
Cummings	O
et al.	O
,	O
1994	O
)	O
,	O
the	O
Geriatric	TEST
Depression	TEST
Scale	TEST
(	O
Yesavage	O
,	O
1988	O
)	O
,	O
and	O
the	O
Functional	TEST
Assessment	TEST
Questionnaire	TEST
.	O
Memory	O
was	O
assessed	O
using	O
the	O
Hopkins	TEST
Verbal	TEST
Learning	TEST
Test-Revised	TEST
,	O
the	O
Brief	TEST
Visuospatial	TEST
Memory	TEST
Test-Revised	TEST
(	O
BVMT-R	TEST
)	O	
(	O
Benedict	O
,	O
1997	O
)	O
,	O
and	O
the	O
Logical	TEST
Memory	TEST
(	O
LM	TEST
)	O
subtest	O
of	O
the	O
Wechsler	TEST
Memory	TEST
Scale	TEST
,	O
3rd	TEST
edition	TEST
(	O
WMS-III	TEST
)	O
.	O
Delayed	O
recall	O
on	O
the	O
HVLT-R	TEST
or	O
BVMT-R	TEST
was	O
the	O
number	O
of	O
correct	O
responses	O
on	O
the	O
delayed	O
free	O
recall	O
trial	O
;	O
on	O
the	O
LM	TEST
test	TEST
,	O
it	O
was	O
the	O
Logical	TEST
Memory	TEST
2	O
score	O
.	O
Delayed	O
recognition	O
on	O
the	O
HVLT-R	TEST
or	O
BVMT-R	TEST
was	O
the	O
discrimination	O
index	O
,	O
or	O
sum	O
of	O
hits	O
minus	O
false	O
positives	O
on	O
the	O
recognition	O
trial	O
;	O
on	O
the	O
LM	TEST
test	O
,	O
it	O
was	O
the	O
total	O
correct	O
responses	O
on	O
the	O
recognition	O
subtest	O
.	O
We	O
expect	O
that	O
performance	O
on	O
the	O
CDT	TEST
may	O
be	O
influenced	O
by	O
frontal-subcortical	O
circuits	O
that	O
have	O
a	O
role	O
for	O
the	O
executive	O
function	O
.	O
The	O
purpose	O
of	O
the	O
present	O
study	O
is	O
to	O
identify	O
structural	O
cerebral	O
changes	O
that	O
might	O
contribute	O
to	O
the	O
results	O
of	O
the	O
CDT	TEST
taken	O
by	O
patients	O
diagnosed	O
with	O
dementia	O
.	O
The	O
K-MMSE	TEST
and	O
the	O
3MS	TEST
tests	O
were	O
given	O
to	O
all	O
the	O
patients	O
to	O
determine	O
their	O
general	O
cognitive	O
functioning	O
.	O
For	O
the	O
CDT	TEST
,	O
all	O
the	O
subjects	O
were	O
given	O
a	O
sheet	O
of	O
paper	O
with	O
a	O
circle	O
of	O
10	O
cm	O
diameter	O
on	O
it	O
.	O
Performance	O
data	O
for	O
the	O
Mattis	TEST
Dementia	TEST
Rating	TEST
Scale	TEST
.	O
Participants	O
were	O
asked	O
to	O
learn	O
and	O
recall	O
List	O
A	O
of	O
the	O
CVLT	TEST
in	O
five	O
learning	O
and	O
free	O
recall	O
trials	O
"	O
immediate	O
recall	O
"	O
.	O
assessment	O
of	O
clinical	O
severity	O
using	O
the	O
Mini-Mental	TEST
State	TEST
Examination	TEST
(	O
MMSE	TEST
)	O
,	O
and	O
the	O
Clinical	TEST
Dementia	TEST
Rating	TEST
scale	TEST
(	O
CDR	TEST
)	O
.	O
Executive	TEST
functions	TEST
were	O
assessed	O
by	O
the	O
FAB	TEST
(	O
Dubois	O
et al.	O
,	O
2000	O
)	O
,	O
the	O
similarities	O
subtest	O
of	O
the	O
WAIS	TEST
(	O
Wechsler	O
,	O
1981	O
)	O
,	O
the	O
modified	O
Wisconsin	TEST
Card	TEST
Sorting	TEST
Test	TEST
(	O
Nelson	O
,	O
1976	O
)	O
,	O
letter	O
and	O
category	O
fluencies	O
and	O
the	O
Stroop	TEST
Interference	TEST
Test	TEST
.	O
In	O
addition	O
to	O
the	O
CDT	TEST
,	O
seven	O
neuropsychological	O
tests	O
,	O
including	O
verbal	O
fluency	O
-	O
'	O
animal	O
category	O
'	O
(	O
VF	O
)	O
,	O
the	O
15-item	TEST
Boston	TEST
Naming	TEST
Test	TEST
(	O
BNT	TEST
)	O
,	O
Word	TEST
List	TEST
Memory	TEST
(	O
WLM	TEST
)	O
,	O
Word	TEST
List	TEST
Recall	TEST
(	O
WLR	TEST
)	O
,	O
Word	TEST
List	TEST
Recognition	TEST
(	O
WLRc	TEST
)	O
,	O
Constructional	TEST
Praxis	TEST
(	O
CP	TEST
)	O
and	O
Constructional	TEST
Recall	TEST
(	O
CR	TEST
)	O
from	O
the	O
CERAD-K	TEST
,	O
were	O
also	O
applied	O
in	O
order	O
to	O
explore	O
which	O
cognitive	O
abilities	O
could	O
explain	O
CDT	TEST
performance	O
.	O
However	O
,	O
no	O
previous	O
brain	O
imaging	O
study	O
had	O
suggested	O
that	O
the	O
structural	O
or	O
functional	O
involvement	O
of	O
the	O
parietal	O
cortex	O
,	O
especially	O
the	O
right	O
one	O
,	O
is	O
responsible	O
for	O
poor	O
CDT	TEST
performance	O
.	O
In	O
order	O
to	O
identify	O
the	O
functional	O
neuroanatomical	O
correlates	O
of	O
impaired	O
CDT	TEST
performance	O
in	O
patients	O
with	O
AD	O
,	O
we	O
investigated	O
the	O
relationship	O
between	O
the	O
CDT	TEST
scores	O
assessed	O
by	O
four	O
different	O
scoring	O
methods	O
and	O
regional	O
cerebral	O
glucose	O
metabolism	O
measured	O
by	O
positron	TEST
emission	TEST
tomography	TEST
(	O
PET	TEST
)	O
.	O
The	O
CDT	TEST
was	O
administered	O
as	O
a	O
part	O
of	O
clinical	O
evaluation	O
according	O
to	O
the	O
CERAD-K	TEST
.	O
The	O
performance	O
on	O
the	O
CDT	TEST
was	O
scored	O
by	O
a	O
clinical	O
psychologist	O
according	O
to	O
four	O
different	O
sets	O
of	O
commonly	O
used	O
scoring	O
systems	O
.	O
Significant	O
positive	O
correlations	O
between	O
CDT	TEST
and	O
rCMglc	TEST
were	O
found	O
in	O
the	O
right	O
inferior	O
parietal	O
lobule	O
and	O
the	O
right	O
PCC	O
in	O
patients	O
with	O
AD	O
.	O
In	O
very	O
similar	O
brain	O
areas	O
,	O
significant	O
positive	O
correlations	O
were	O
also	O
observed	O
between	O
CDT	TEST
,	O
CDT	TEST
or	O
CDT-M	TEST
and	O
rCMglc	TEST
.	O
Positive	O
correlations	O
between	O
CDT	TEST
and	O
rCMglc	TEST
were	O
found	O
in	O
the	O
right	O
parahippocampal	O
gyrus	O
for	O
the	O
less	O
severe	O
subgroup	O
.	O
The	O
Frontal	TEST
Assessment	TEST
Battery	TEST
(	O
FAB	TEST
)	O
was	O
originally	O
devised	O
by	O
Dubois	O
et al	O
to	O
evaluate	O
frontal	O
lobe	O
function	O
simply	O
and	O
quickly	O
at	O
bedside	O
and	O
is	O
commonly	O
applied	O
in	O
elderly	O
patients	O
with	O
AD	O
and	O
related	O
disorders	O
.	O
Poorer	O
performance	O
on	O
FAB	TEST
was	O
associated	O
with	O
lower	O
metabolic	O
activity	O
in	O
the	O
bilateral	O
middle	O
temporal	O
gyri	O
.	O
After	O
controlling	O
MMSE	TEST
score	O
,	O
significant	O
positive	O
correlation	O
between	O
FAB	TEST
scores	O
and	O
rCMglc	TEST
was	O
found	O
only	O
in	O
the	O
bilateral	O
middle	O
frontal	O
gyri	O
.	O
We	O
divided	O
the	O
total	O
AD	O
group	O
into	O
2	O
severity	O
subgroups	O
using	O
CDR-sum	TEST
of	TEST
boxes	TEST
(	O
CDR-SB	TEST
)	O	
.	O
In	O
the	O
present	O
study	O
,	O
we	O
aimed	O
to	O
elucidate	O
the	O
functional	O
neuroanatomical	O
correlates	O
of	O
FAB	TEST
performances	O
by	O
applying	O
FDG-PET	TEST
to	O
a	O
large	O
population	O
of	O
patients	O
with	O
AD	O
.	O
All	O
patients	O
were	O
examined	O
by	O
neuropsychiatrists	O
who	O
had	O
advanced	O
training	O
in	O
dementia	O
research	O
according	O
to	O
the	O
protocol	O
of	O
the	O
Consortium	TEST
to	TEST
Establish	TEST
a	TEST
Registry	TEST
for	TEST
Alzheimer's	TEST
disease	TEST
Assessment	TEST
Packet	TEST
(	O
CERAD-K	TEST
)	O
.	O
In	O
addition	O
to	O
the	O
FAB	TEST
,	O
all	O
patients	O
received	O
a	O
comprehensive	O
neuropsychological	O
assessment	O
battery	O
which	O
included	O
8	O
neuropsychological	O
tests	O
in	O
the	O
CERAD	TEST
,	O
that	O
is	O
,	O
Semantic	TEST
Fluency	TEST
animal	TEST
category	TEST
(	O
SF	TEST
)	O
,	O
15-item	TEST
Boston	TEST
Naming	TEST
Test	TEST
(	O
BNT	TEST
)	O
,	O
Mini-Mental	TEST
State	TEST
Examination	TEST
(	O
MMSE	TEST
)	O
,	O
Word	TEST
List	TEST
Memory	TEST
(	O
WLM	TEST
)	O
,	O
Word	TEST
List	TEST
Recall	TEST
(	O
WLR	TEST
)	O
,	O
Word	TEST
List	TEST
Recognition	TEST
(	O
WLRc	TEST
)	O
,	O
Constructional	TEST
Praxis	TEST
(	O
CP	TEST
)	O
and	O
Constructional	TEST
Recall	TEST
(	O
CR	TEST
)	O
,	O
and	O
the	O
Stroop	TEST
Color	TEST
Word	TEST
Test	TEST
(	O
SCWT	TEST
)	O
.	O
As	O
anticipated	O
,	O
FAB	TEST
scores	O
were	O
significantly	O
correlated	O
with	O
first	O
eigenvariate	O
values	O
of	O
the	O
right	O
middle	O
frontal	O
gyri	O
(	O
BA	O
9	O
)	O
in	O
the	O
less	O
severe	O
AD	O
but	O
not	O
in	O
the	O
more	O
severe	O
AD	O
.	O
In	O
this	O
context	O
,	O
Grober	O
and	O
Buschke	O
(	O
1987	O
)	O
developed	O
the	O
Free	TEST
and	TEST
Cued	TEST
Selective	TEST
Reminding	TEST
Test	TEST
.	O
Sydney	TEST
Language	TEST
Battery	TEST
(	O
SYDBAT	TEST
)	O
:	O
naming	O
,	O
word	O
comprehension	O
,	O
and	O
repetition	O
of	O
multisyllabic	O
words	O
.	O
The	O
working-memory	O
capacity	O
was	O
measured	O
by	O
the	O
DB	O
subtest	O
of	O
the	O
digit	TEST
span	TEST
test	TEST
in	O
the	O
Chinese	TEST
Revised	TEST
Wechsler	TEST
Adult	TEST
Intelligence	TEST
Scale	TEST
(	O
WAIS-RC	TEST
)	O
.	O
The	O
handedness	O
of	O
the	O
participants	O
was	O
evaluated	O
by	O
a	O
Chinese	TEST
questionnaire	TEST
modified	O
according	O
to	O
the	O
Edinburgh	TEST
Handedness	TEST
Inventory	TEST
.	O
All	O
participants	O
received	O
the	O
same	O
neuropsychological	O
test	O
battery	O
,	O
which	O
included	O
the	O
Mini-mental	TEST
State	TEST
Examination	TEST
(	O
MMSE	TEST
)	O
(	O
Folstein	O
et al.	O
1975	O
)	O
to	O
test	O
general	O
cognitive	O
function	O
;	O
the	O
Modified	TEST
Card	TEST
Sorting	TEST
Test	TEST
(	O
Nelson	O
1976	O
)	O
and	O
Color	TEST
Trails	TEST
Tests	TEST
Parts	TEST
I	TEST
and	TEST
II	TEST
(	O
CTT	TEST
I	TEST
and	TEST
II	TEST
)	O
(	O
D'Elia	O
1996	O
)	O
to	O
assess	O
executive	O
function	O
;	O
the	O
logical	O
memory	O
and	O
visual	O
reproduction	O
subtests	O
of	O
the	O
Wechsler	TEST
Memory	TEST
Scales	TEST
,	O
third	TEST
edition	TEST
(	O
WMS-III	TEST
)	O
to	O
assess	O
verbal	O
and	O
visual	O
memory	O
;	O
the	O
object	O
naming	O
and	O
semantic	O
verbal	O
fluency	O
tests	O
to	O
assess	O
language	O
function	O
(	O
Hua	O
et al.	O
2005	O
)	O
;	O
and	O
the	O
Clinical	TEST
Dementia	TEST
Rating	TEST
(	O
CDR	TEST
)	O
scale	O
to	O
examine	O
the	O
stage	O
of	O
dementia	O
.	O
The	O
purpose	O
of	O
this	O
study	O
was	O
to	O
identify	O
the	O
neural	O
correlates	O
of	O
CDT	TEST
performance	O
on	O
three	O
different	O
scoring	O
systems	O
.	O
We	O
gave	O
all	O
participants	O
the	O
CDT	TEST
and	O
the	O
Mini	TEST
Mental	TEST
State	TEST
Examination	TEST
(	O
MMSE	TEST
)	O
.	O
A	O
multiple	O
regression	O
analysis	O
revealed	O
a	O
positive	O
correlation	O
between	O
Shulman	TEST
CDT	TEST
scores	O
and	O
regional	TEST
GM	TEST
volume	O
in	O
the	O
right	O
parietal	O
lobe	O
,	O
bilateral	O
posterior	O
temporal	O
lobes	O
and	O
right	O
precuneus	O
.	O
A	O
second	O
multiple	O
regression	O
analysis	O
revealed	O
a	O
positive	O
correlation	O
between	O
Rouleau	TEST
CDT	TEST
scores	O
and	O
regional	O
GM	O
volume	O
in	O
the	O
right	O
parietal	O
lobe	O
,	O
right	O
posterior	O
inferior	O
temporal	O
lobe	O
and	O
right	O
precuneus	O
.	O
The	O
final	O
multiple	O
regression	O
analysis	O
found	O
a	O
positive	O
correlation	O
between	O
CLOX1	TEST
scores	O
and	O
regional	O
GM	O
volume	O
in	O
the	O
right	O
parietal	O
lobe	O
and	O
right	O
posterior	O
superior	O
temporal	O
lobe	O
.	O
We	O
used	O
the	O
Shulman	TEST
CDT	TEST
,	O
the	O
Rouleau	TEST
CDT	TEST
and	O
CLOX1	TEST
,	O
which	O
are	O
commonly	O
used	O
as	O
CDT	TEST
scoring	O
system	O
,	O
to	O
score	O
the	O
clock	TEST
drawings	TEST
.	O
The	O
Rouleau	TEST
CDT	TEST
and	O
CLOX1	TEST
scored	O
the	O
clock	TEST
drawings	TEST
for	O
the	O
free-drawn	O
method	O
;	O
the	O
Shulman	TEST
CDT	TEST
scored	O
the	O
clock	TEST
drawings	TEST
for	O
the	O
pre-drawn	O
method	O
.	O
We	O
used	O
the	O
free-drawn	O
method	O
and	O
a	O
10-point	O
scale	O
for	O
the	O
Rouleau	TEST
CDT	TEST
.	O
CLOX	TEST
is	O
divided	O
into	O
two	O
parts	O
.	O
CLOX1	TEST
is	O
a	O
clock-drawing	TEST
task	TEST
,	O
and	O
CLOX2	TEST
is	O
a	O
simple	O
copying	O
task	O
.	O
The	O
Folstein	TEST
Mini-mental	TEST
State	TEST
Examination	TEST
(	O
MMSE	TEST
;	O
Folstein	O
et al.	O
,	O
1975	O
)	O
was	O
administered	O
to	O
assess	O
global	O
cognitive	O
impairment	O
.	O
Naming	O
was	O
assessed	O
using	O
the	O
Boston	TEST
Naming	TEST
Test	TEST
.	O
There	O
was	O
a	O
direct	O
correlation	O
(	O
p	O
<	O
0.001	O
,	O
extent	O
=	O
10	O
)	O
between	O
metabolic	O
activity	O
and	O
BNT	TEST
in	O
right	O
temporal	O
pole	O
,	O
right	O
inferior	O
temporal	O
gyrus	O
(	O
ITG	O
)	O
,	O
and	O
left	O
ITG	O
/	O
fusiform	O
gyrus	O
.	O
We	O
observed	O
a	O
direct	O
correlation	O
between	O
FAS	TEST
and	O
metabolic	O
activity	O
in	O
the	O
left	O
IFG	TEST
,	O
pars	O
opercularis	O
.	O
All	O
scored	O
0.5	O
on	O
the	O
Clinical	TEST
Dementia	TEST
Rating	TEST
Scale	TEST
.	O
The	O
neuropsychological	O
tests	O
used	O
were	O
the	O
Wechsler	TEST
Abbreviated	TEST
Scale	TEST
of	TEST
Intelligence	TEST
(	O
WASI	TEST
)	O
two	O
subtest	O
form	O
(	O
Wechsler	O
,	O
1999	O
)	O
,	O
the	O
California	TEST
Verbal	TEST
Learning	TEST
Test	TEST
,	O
the	O
Logical	TEST
Memory	TEST
and	O
Visual	TEST
Reproduction	TEST
Subtests	TEST
of	TEST
the	TEST
Wechsler	TEST
Memory	TEST
Scale-III	TEST
(	O
WMS-III	TEST
;	O
Wechsler	O
,	O
1998	O
)	O
,	O
the	O
Hayling	TEST
and	O
Brixton	TEST
Tasks	TEST
and	O
the	O
National	TEST
Adult	TEST
Reading	TEST
Test	TEST
.	O
DAT-BP	TEST
was	O
significantly	O
correlated	O
to	O
scores	O
on	O
BSPS	TEST
for	O
right	O
putamen	O
.	O
In	O
selected	O
cases	O
we	O
applied	O
the	O
Mini	TEST
Mental	TEST
State	TEST
Examination	TEST
and	O
if	O
the	O
volunteer	O
showed	O
scores	O
below	O
the	O
normative	O
data	O
the	O
Mattis	TEST
Dementia	TEST
Rating	TEST
Scale	TEST
(	O
MDRS	TEST
)	O
was	O
used	O
due	O
to	O
its	O
excellent	O
discriminant	O
ability	O
to	O
diagnose	O
dementia	O
in	O
PD	O
.	O
Patients	O
were	O
also	O
assessed	O
with	O
the	O
Brazilian	O
validated	O
version	O
of	O
the	O
Brief	TEST
Social	TEST
Phobia	TEST
Scale	TEST
.	O
The	O
number	O
of	O
words	O
(	O
out	O
of	O
10	O
)	O
recalled	O
on	O
the	O
CERAD	TEST
Delayed	TEST
Word	TEST
Recall	TEST
Test	TEST
provided	O
the	O
measure	O
of	O
delayed	O
verbal	O
recall	O
used	O
as	O
the	O
dependent	O
variable	O
in	O
the	O
analyses	O
.	O
Cognitive	O
function	O
was	O
evaluated	O
annually	O
with	O
the	O
Consortium	TEST
to	TEST
Establish	TEST
a	TEST
Registry	TEST
for	TEST
AD	TEST
(	O
CERAD	TEST
)	O
neuropsychological	O
battery	O
.	O
The	O
most	O
recent	O
available	O
MMSE	TEST
score	O
was	O
influenced	O
by	O
V	O
.	O
the	O
presence	O
or	O
absence	O
of	O
hallucinations	O
and	O
delusions	O
was	O
determined	O
and	O
rated	O
on	O
the	O
Consortium	TEST
to	TEST
Establish	TEST
a	TEST
Registry	TEST
for	TEST
Alzheimer's	TEST
Disease	TEST
(	O
CERAD	TEST
)	O
Behavioral	TEST
Rating	TEST
Scale	TEST
.	O
Digit	TEST
Span	TEST
Backwards	TEST
test	TEST
.	O
To	O
identify	O
the	O
neural	O
correlates	O
for	O
impaired	O
performance	O
on	O
the	O
clock	TEST
drawing	TEST
test	TEST
(	O
CDT	TEST
)	O
in	O
patients	O
with	O
Alzheimer's	O
disease	O
(	O
AD	O
)	O
,	O
we	O
examined	O
the	O
relationship	O
between	O
the	O
CDT	TEST
performances	O
and	O
the	O
regional	O
cerebral	O
blood	O
flow	O
(	O
rCBF	O
)	O
in	O
100	O
AD	O
patients	O
.	O
Many	O
cognitive	O
skills	O
such	O
as	O
perceptual	O
,	O
executive	O
,	O
motor	O
,	O
and	O
visuospatial	O
ability	O
are	O
necessary	O
for	O
completion	O
of	O
the	O
CDT	TEST
.	O
The	O
CDT	TEST
was	O
administered	O
and	O
scored	O
according	O
to	O
the	O
modified	O
Shulman	TEST
method	TEST
.	O
To	O
examine	O
the	O
neural	O
correlates	O
for	O
the	O
CDT	TEST
deficits	O
in	O
AD	O
.	O
In	O
the	O
present	O
study	O
,	O
we	O
examined	O
patients	O
with	O
scores	O
of	O
3	O
in	O
the	O
CDT	TEST
and	O
those	O
with	O
scores	O
less	O
than	O
3	O
separately	O
in	O
order	O
to	O
determine	O
whether	O
or	O
not	O
the	O
misrepresentation	O
of	O
the	O
hands	O
and	O
visuospatial	O
disorganization	O
is	O
related	O
to	O
deficit	O
in	O
the	O
distinctive	O
neural	O
network	O
.	O
The	O
severely	O
impaired	O
CDT	TEST
group	O
(	O
severeICDT	O
)	O
consisted	O
of	O
25	O
patients	O
who	O
had	O
a	O
score	O
of	O
0	O
-	O
2	O
on	O
their	O
CDT	TEST
.	O
When	O
the	O
patients	O
drew	O
an	O
impaired	O
clock	O
,	O
the	O
patients	O
were	O
instructed	O
to	O
copy	O
,	O
as	O
accurately	O
as	O
possible	O
,	O
a	O
clock	O
from	O
a	O
model	O
.	O
The	O
degree	O
of	O
CDT	TEST
impairment	O
was	O
significantly	O
correlated	O
with	O
the	O
rCBF	O
reduction	O
in	O
the	O
left	O
posterolateral	O
temporal	O
cortex	O
.	O
The	O
Clock	TEST
Drawing	TEST
Test	TEST
(	O
CDT	TEST
)	O
is	O
widely	O
used	O
in	O
cognitive	O
assessment	O
.	O
We	O
found	O
a	O
positive	O
relationship	O
between	O
the	O
left	O
posterior	O
temporal	O
lobe	O
and	O
the	O
CDT	TEST
total	O
score	O
.	O
In	O
the	O
present	O
study	O
,	O
we	O
aimed	O
to	O
identify	O
associations	O
between	O
regional	O
cerebral	O
blood	O
flow	O
(	O
rCBF	O
)	O
and	O
specific	O
error	O
types	O
on	O
the	O
CDT	TEST
in	O
patients	O
with	O
AD	O
.	O
Mendez	O
method	O
,	O
also	O
called	O
the	O
Clock	TEST
Drawing	TEST
Interpretation	TEST
Scale	TEST
.	O
All	O
cases	O
had	O
been	O
thoroughly	O
assessed	O
using	O
comprehensive	O
neurological	O
and	O
neuropsychological	O
methods	O
,	O
including	O
the	O
Mini-Mental	TEST
State	TEST
Exam	TEST
(	O
MMSE	TEST
)	O
.	O
Patients	O
with	O
MCI	O
showed	O
performance	O
deficits	O
compared	O
to	O
controls	O
in	O
three-word	O
delayed	O
recall	O
of	O
MMSE	TEST
and	O
3-min	O
delayed	O
recall	O
of	O
RCF	O
.	O
Verbal	O
delayed	O
recall	O
was	O
evaluated	O
using	O
three-word	O
delayed	O
recall	O
from	O
MMSE	TEST
since	O
this	O
was	O
sensitive	O
to	O
dementia	O
and	O
can	O
be	O
administered	O
in	O
several	O
minutes	O
.	O
Patients	O
were	O
carefully	O
screened	O
with	O
the	O
synoptic	O
batteries	O
of	O
the	O
MMSE	TEST
and	O
of	O
the	O
CAM-COG	TEST
battery	TEST
.	O
The	O
Buschke-Fuld	TEST
selective	TEST
reminding	TEST
test	TEST
(	O
SRT	TEST
)	O
,	O
in	O
its	O
short	O
version	O
(	O
Masur	O
et al.	O
,	O
1989	O
)	O
,	O
is	O
a	O
word-list	O
learning	O
of	O
12	O
words	O
and	O
6	O
repetition	O
trials	O
.	O
Category	TEST
fluency	TEST
verbal	TEST
(	O
CFVT	TEST
)	O
was	O
tested	O
for	O
colours	O
.	O
Patients'	O
symptom	O
severity	O
was	O
evaluated	O
by	O
a	O
trained	O
psychiatrist	O
using	O
the	O
Positive	TEST
and	TEST
Negative	TEST
Syndrome	TEST
Scale	TEST
(	O
PANSS	TEST
)	O
.	O
Deficits	O
in	O
mental	O
flexibility	O
as	O
assessed	O
with	O
the	O
TMT-B	TEST
are	O
often	O
found	O
in	O
patients	O
with	O
frontal-lobe	O
damage	O
.	O
Trail	TEST
Making	TEST
Test	TEST
.	O
Both	O
TMT-A	TEST
and	O
TMT-B	TEST
were	O
administered	O
.	O
The	O
first	O
aim	O
of	O
the	O
present	O
study	O
was	O
to	O
determine	O
the	O
precise	O
role	O
of	O
WMH	TEST
and	O
MTA	TEST
(	O
main	O
and	O
interaction	O
effects	O
)	O
in	O
TMT-B	TEST
task	O
performance	O
in	O
elderly	O
participants	O
.	O
Of	O
specific	O
interest	O
were	O
different	O
indices	O
of	O
TMT-B	TEST
performance	O
,	O
including	O
TMT-B	TEST
completion	O
time	O
,	O
the	O
TMT-B-A	TEST
difference	O
,	O
the	O
TMT-B	TEST
/	TEST
A	TEST
ratio	O
,	O
and	O
the	O
number	O
of	O
shifting	O
and	O
sequencing	O
errors	O
on	O
the	O
TMT-B	TEST
test	O
.	O
MTA	TEST
was	O
rated	O
with	O
a	O
5-point	O
visual	O
rating	O
scale	O
measuring	O
the	O
height	O
of	O
the	O
hippocampal	O
formation	O
and	O
enlargement	O
of	O
the	O
surrounding	O
cerebrospinal	O
fluid	O
spaces	O
.	O
Examination	O
of	O
every	O
participant	O
included	O
medical	O
history	O
,	O
neurological	O
examination	O
,	O
informant	O
interview	O
(	O
Clinical	TEST
Dementia	TEST
Rating	TEST
,	O
CDR	TEST
)	O
,	O
neuropsychological	O
assessment	O
(	O
Consortium	TEST
to	TEST
establish	TEST
a	TEST
registry	TEST
for	TEST
Alzheimer's	TEST
disease	TEST
,	O
CERAD	TEST
battery	TEST
)	O
.	O
We	O
additionally	O
investigated	O
the	O
relationship	O
between	O
memory	O
impairments	O
and	O
PSD	O
of	O
LFF	O
in	O
patients	O
with	O
AD	O
.	O
Delayed	TEST
recall	TEST
scores	O
from	O
the	O
CERAD	TEST
battery	TEST
were	O
significantly	O
lower	O
in	O
patients	O
with	O
AD-dementia	O
and	O
were	O
used	O
as	O
a	O
memory	O
measure	O
.	O
In	O
this	O
prospective	O
study	O
,	O
we	O
aimed	O
to	O
evaluate	O
the	O
effect	O
of	O
STN-DBS	TEST
on	O
pain	O
perception	O
in	O
PD	O
patients	O
,	O
using	O
a	O
valid	O
and	O
reliable	O
questionnaire	O
,	O
the	O
short	O
McGill	TEST
Pain	TEST
Questionnaire	TEST
Pain	TEST
Questionnaire	TEST
of	TEST
Saint	TEST
Antoine	TEST
(	O
MPQ-QDSA	TEST
)	O
which	O
allows	O
a	O
multidimensional	O
,	O
qualitative	O
and	O
quantitative	O
pain	O
assessment	O
.	O
Moreover	O
,	O
we	O
investigated	O
correlations	O
between	O
pain	O
and	O
motor	O
status	O
,	O
depression	O
and	O
dopaminergic	O
treatment	O
changes	O
after	O
STN-DBS	TEST
.	O
The	O
short	O
auto	O
questionnaire	O
MPQ-QDSA	TEST
consisting	O
of	O
8	O
sensory	O
.	O
The	O
bodily	O
discomfort	O
item	O
of	O
the	O
specific	O
questionnaire	O
of	O
quality	O
of	O
life	O
,	O
the	O
Parkinson's	TEST
disease	TEST
Questionnaire-39	TEST
(	O
PDQ-39	TEST
)	O
;	O
The	O
PDQ-39	TEST
Bodily	TEST
discomfort	O
subscore	O
and	O
the	O
UPDRS	TEST
II	TEST
item	TEST
17	TEST
were	O
also	O
significantly	O
improved	O
after	O
STN-DBS	TEST
.	O
All	O
participants	O
underwent	O
a	O
general	O
neuropsychological	O
assessment	O
at	O
the	O
day	O
of	O
MR	O
scan	O
,	O
including	O
the	O
Mini-Mental	TEST
State	TEST
Examination	TEST
(	O
MMSE	TEST
)	O
and	O
CDR	TEST
.	O
Although	O
there	O
was	O
no	O
significant	O
metabolic	O
difference	O
between	O
the	O
two	O
educational	O
groups	O
,	O
significantly	O
different	O
associations	O
between	O
the	O
rCMRglc	TEST
and	O
the	O
B-ADL	TEST
score	O
were	O
detected	O
in	O
the	O
right	O
middle	O
occipital	O
gyrus	O
.	O
We	O
report	O
a	O
significant	O
inverse	O
association	O
between	O
the	O
B-ADL	TEST
score	O
and	O
the	O
rCMRglc	TEST
in	O
extensive	O
cortical	O
areas	O
including	O
regions	O
in	O
the	O
prefrontal	O
.	O
based	O
on	O
a	O
semi-structured	O
interview	O
with	O
the	O
patient	O
and	O
a	O
relative	O
,	O
on	O
Mini-Mental	TEST
State	TEST
Examination	TEST
(	O
MMSE	TEST
)	O
.	O
The	TEST
Clinical	TEST
Dementia	TEST
Rating	TEST
(	O
CDR	TEST
)	O
scale	O
,	O
a	O
semistructured	O
interview	O
with	O
the	O
patient	O
and	O
caregiver	O
,	O
was	O
used	O
to	O
provide	O
60	O
Neuroradiology	O
(	O
2016	O
)	O
an	O
index	O
of	O
global	O
cognitive	O
status	O
.	O
Moreover	O
,	O
patients'	O
visuospatial	O
,	O
memory	O
and	O
executive	O
cognitive	O
domains	O
were	O
specifically	O
assessed	O
by	O
using	O
the	O
Clock	TEST
Drawing	TEST
-	TEST
copy	TEST
Test	TEST
.	O
The	O
30-item	TEST
Boston	TEST
Naming	TEST
Test	TEST
(	O
BNT	TEST
)	O
was	O
used	O
to	O
assess	O
naming	O
impairment	O
.	O
with	O
the	O
Total	TEST
Wordlist	TEST
Learning	TEST
Test	TEST
(	O
WL-Learning	TEST
Test	TEST
)	O
and	O
Wordlist	TEST
Delayed	TEST
Recall	TEST
Test	TEST
(	O
WL-Recall	TEST
Test	TEST
)	O
from	O
the	O
Consortium	TEST
to	TEST
Establish	TEST
a	TEST
Registry	TEST
for	TEST
Alzheimer's	TEST
disease	TEST
(	O
CERAD	TEST
)	O
battery	O
.	O
This	O
memory	O
test	O
consists	O
of	O
three	O
presentations	O
of	O
a	O
10-word	O
list	O
(	O
WL-Learning	TEST
Test	TEST
)	O
and	O
a	O
5-min	TEST
recall	TEST
(	O
WL-Recall	TEST
Test	TEST
)	O
of	O
the	O
same	O
list	O
.	O
Revised	TEST
Fourth	TEST
Edition	TEST
(	O
DSM-IV-TR	TEST
)	O
and	O
the	O
Mini-Mental	TEST
State	TEST
Examination	TEST
score	O
(	O
MMSE	TEST
)	O
.	O
All	O
subjects	O
underwent	O
the	O
Mini	TEST
Mental	TEST
State	TEST
Examination	TEST
(	O
MMSE	TEST
)	O
.	O
Apathy	O
is	O
a	O
disabling	O
non-motor	O
symptom	O
that	O
is	O
frequently	O
observed	O
in	O
Parkinson's	O
disease	O
(	O
PD	O
)	O
.	O
Its	O
description	O
and	O
physiopathology	O
suggest	O
that	O
it	O
is	O
partially	O
mediated	O
by	O
emotional	O
impairment	O
,	O
but	O
this	O
research	O
issue	O
has	O
never	O
been	O
addressed	O
at	O
a	O
clinical	O
and	O
metabolic	O
level	O
.	O
We	O
therefore	O
conducted	O
a	O
metabolic	O
neuorodeoxyglucose	O
study	O
using	O
positron	TEST
emission	TEST
18FDG	TEST
tomography	TEST	
(	O
PET	TEST
)	O
in	O
36	O
PD	O
patients	O
without	O
depression	O
and	O
dementia	O
.	O
Apathy	O
was	O
assessed	O
on	O
the	O
Apathy	TEST
Evaluation	TEST
Scale	TEST
(	O
AES	TEST
)	O
,	O
and	O
emotional	TEST
facial	TEST
recognition	TEST
(	O
EFR	TEST
)	O
performances	O
(	O
ie	O
,	O
percentage	O
of	O
correct	O
responses	O
)	O
were	O
calculated	O
for	O
each	O
patient	O
.	O
The	O
French	O
version	O
of	O
the	O
Mini-International	TEST
Neuropsychiatric	TEST
Interview	TEST
(	O
MINI	TEST
500	TEST
)	O
was	O
used	O
to	O
exclude	O
dementia	O
and	O
depression	O
.	O
Apathy	O
was	O
assessed	O
on	O
the	O
Apathy	TEST
Evaluation	TEST
Scale	TEST
.	O
the	O
SRT	TEST
score	O
gave	O
two	O
clusters	O
of	O
significant	O
correlation	O
.	O
The	O
Buschke-Fuld	TEST
Selective	TEST
Reminding	TEST
Test	TEST
(	O
SRT	TEST
)	O
.	O
By	O
taking	O
into	O
account	O
the	O
MMSE	TEST
score	O
,	O
there	O
was	O
a	O
substantial	O
change	O
in	O
the	O
extent	O
and	O
sites	O
of	O
correlation	O
between	O
the	O
SRT	TEST
score	O
and	O
brain	O
perfusion	O
.	O
Sentence	TEST
repetition	TEST
.	O
The	O
sentence	O
items	O
on	O
the	O
Repetition	TEST
subtest	TEST
of	O
the	O
Western	TEST
Aphasia	TEST
Battery 	TEST
.	O
Eight	O
RBD	O
patients	O
had	O
one	O
single	O
single	TEST
photon	TEST
emission	TEST
computerized	TEST
tomography	TEST
(	O
SPECT	TEST
)	O
scan	O
with	O
I-ioflupane	O
.	O
Over	O
the	O
past	O
20	O
years	O
,	O
increasing	O
evidence	O
has	O
emerged	O
for	O
idiopathic	O
rapid	TEST
eye	TEST
movement	TEST
(	O
REM	TEST
)	O
sleep	TEST
behaviour	TEST
disorder	TEST
(	O
RBD	TEST
)	O
.	O
In	O
this	O
study	O
,	O
we	O
set	O
out	O
to	O
explore	O
the	O
potential	O
of	O
resting	O
state	O
functional	O
MRI	O
to	O
quantify	O
basal	O
ganglia	O
dysfunction	O
in	O
patients	O
with	O
RBD	TEST
.	O
Twenty-six	O
patients	O
with	O
RBD	TEST
were	O
consecutively	O
recruited	O
from	O
the	O
sleep	O
disorders	O
clinics	O
at	O
the	O
John	O
Radcliffe	O
Hospital	O
.	O
MCI	O
patients	O
were	O
diagnosed	O
using	O
criteria	O
for	O
amnestic	O
MCI	O
,	O
with	O
Mini-Mental	TEST
State	TEST
Examination	TEST
(	O
MMSE	TEST
)	O
scores	O
>	O
25	O
,	O
and	O
clinical	TEST
dementia	TEST
rating	TEST
(	O
CDR	TEST
)	O
scale	O
scores	O
of	O
0.5	O
.	O
The	O
aim	O
of	O
this	O
study	O
was	O
to	O
analyze	O
in	O
mild	O
AD	O
correlations	O
between	O
episodic	O
memory	O
performance	O
,	O
assessed	O
by	O
the	O
FCSRT	TEST
,	O
and	O
regional	O
grey	O
matter	O
volume	O
using	O
three	O
MRI	O
anatomical	O
imaging	O
complementary	O
methods	O
;	O
with	O
voxel-based	TEST
morphometry	TEST
(	O
VBM	TEST
)	O
analysis	O
.	O
the	O
hippocampus	O
(	O
when	O
verbal	O
memory	O
was	O
assessed	O
with	O
the	O
Free	TEST
and	TEST
Cued	TEST
Selective	TEST
Reminding	TEST
Test	TEST
(	O
FCSRT	TEST
)	O
.	O
have	O
a	O
score	O
on	O
the	O
Clinical	TEST
Dementia	TEST
Rating	TEST
Scale	TEST
(	O
CDR	TEST
)	O
.	O
Scores	O
of	O
FCSRT	TEST
total	O
recall	O
were	O
significantly	O
correlated	O
with	O
a	O
large	O
cluster	O
of	O
17,679	O
voxels	O
included	O
the	O
left	O
medial	O
temporal	O
lobe	O
and	O
the	O
thalami	O
.	O
The	O
degree	O
of	O
cognitive	O
impairment	O
was	O
rated	O
on	O
the	O
MMSE	O
.	O
We	O
predicted	O
impaired	O
CDT	TEST
performance	O
to	O
correlate	O
with	O
AD	O
typical	O
hippocampal	O
atrophy	O
.	O
The	O
objective	O
of	O
this	O
study	O
was	O
to	O
investigate	O
the	O
associations	O
between	O
clock	TEST
drawing	TEST
test	TEST
(	O
CDT	TEST
)	O
performance	O
and	O
subcortical	TEST
brain	TEST
morphology	TEST
.	O
Finally	O
,	O
subjects	O
with	O
impaired	O
CDT	TEST
performance	O
showed	O
regional	O
shape	O
retractions	O
within	O
the	O
right	O
pallidum	O
,	O
primarily	O
affecting	O
its	O
lateral	O
portion	O
.	O
Cognitive	O
performance	O
was	O
further	O
investigated	O
with	O
a	O
standardized	O
extensive	O
neuropsychological	O
test	O
battery	O
(	O
Consortium	TEST
to	TEST
Establish	TEST
a	TEST
Registry	TEST
for	TEST
Alzheimer's	TEST
Disease	TEST
,	O
CERAD	TEST
)	O
.	TEST
Impaired	O
CDT	TEST
performance	O
was	O
significantly	O
correlated	O
with	O
reduced	O
volumes	O
of	O
the	O
right	O
and	O
left	O
hippocampus	O
.	O
Verbal	O
and	O
visual	O
episodic	O
memory	O
was	O
assessed	O
using	O
the	O
Hopkins	TEST
Verbal	TEST
Learning	TEST
Test-Revised	TEST
(	O
HVLT-R	TEST
)	O
.	O
We	O
used	O
the	O
Seoul	TEST
Neuropsychological	TEST
Screening	TEST
Battery	TEST
(	O
SNSB	TEST
)	O
to	O
determine	O
the	O
cognitive	O
performance	O
of	O
both	O
groups	O
.	O
using	O
the	O
caregiver-based	O
structured	O
interview	O
of	O
the	O
Neuropsychiatric	TEST
Inventory	TEST
(	O
NPI	TEST
)	O
.	O
The	O
SNSB	TEST
includes	O
cognitive	O
subsets	O
of	O
attention	O
(	O
forward	TEST
and	TEST
backward	TEST
digit	TEST
span	TEST
and	O
letter-cancellation	TEST
tests	TEST
)	O
,	O
language	O
and	O
related	O
functions	O
(	O
reading	O
,	O
writing	O
,	O
comprehension	O
,	O
repetition	O
,	O
confrontational	O
naming	O
using	O
the	O
Korean	TEST
version	TEST
of	TEST
the	TEST
Boston	TEST
Naming	TEST
Test	TEST
)	O
,	O
21	O
visuospatial	O
function	O
(	O
drawing	O
an	O
interlocking	O
pentagon	O
and	O
the	O
Rey	TEST
Complex	TEST
Figure	TEST
Test	TEST
(	O
RCFT	TEST
)	O
)	O
,	O
verbal	O
memory	O
(	O
the	O
Seoul	TEST
Verbal	TEST
Learning	TEST
Test	TEST
)	O
,	O
visual	O
memory	O
(	O
the	O
RCFT	TEST
;	O
immediate	O
recall	O
,	O
20	O
min	O
delayed	O
recall	O
and	O
recognition	O
)	O
and	O
frontal	O
executive	O
function	O
(	O
contrasting	O
programme	O
,	O
go-no-go	TEST
test	TEST
, 	O
Luria	O
loop	O
,	O
phonemic	O
and	O
semantic	O
Controlled	TEST
Oral	TEST
Word	TEST
Association	TEST
Test	TEST
,	O
and	O
stroop	TEST
test	TEST
)	O
.	O
Digit	TEST
span	TEST
.	O
Subjects	O
were	O
administered	O
the	O
digits	TEST
span	TEST
forward	TEST
and	TEST
backward	TEST
subtests	O
from	O
the	O
Wechsler	TEST
Memory	TEST
Scale	TEST
-	TEST
Revised	TEST
.	O
ICD	O
behaviours	O
were	O
assessed	O
with	O
the	O
Questionnaire	TEST
for	TEST
Impulsive-Compulsive	TEST
Disorders	TEST
in	TEST
Parkinson's	TEST
disease	TEST
(	O
QUIP	TEST
)	O
short	O
form	O
.	O
Motor	O
severity	O
at	O
baseline	O
was	O
assessed	O
with	O
the	O
Movement	TEST
Disorders	TEST
Society-Unified	TEST
Parkinson's	TEST
Disease	TEST
Rating	TEST
Scale	TEST
Part	TEST
III	TEST
(	O
MDS-UPDRS	TEST
III	TEST
)	O
.	O
For	O
both	O
GPe	O
and	O
GPi	O
,	O
higher	O
C-DASB	O
BP	O
correlated	O
significantly	O
with	O
higher	O
AIMS	TEST
scores	O
.	O
